dna_id,sample_type,locus,primer_sequence_F,primer_sequence_R,lib_index_num,lib_index_seq,primer_index_num,primer_index_seq
ANNA-ENV-1,environmental,16S,AGTTACYYTAGGGATAACAGCG,CCGGTCTGAACTCAGATCAYGT,B,TAGCTT,29,TAGATC
ANNA-ENV-2,environmental,16S,AGTTACYYTAGGGATAACAGCG,CCGGTCTGAACTCAGATCAYGT,B,TAGCTT,1,ACACAC
ANNA-ENV-3,environmental,16S,AGTTACYYTAGGGATAACAGCG,CCGGTCTGAACTCAGATCAYGT,H,GTTTCG,22,GCGTAG
ANNA-EXP-1,environmental,16S,AGTTACYYTAGGGATAACAGCG,CCGGTCTGAACTCAGATCAYGT,A,GTGAAA,19,CTGCGT
ANNA-EXP-2,environmental,16S,AGTTACYYTAGGGATAACAGCG,CCGGTCTGAACTCAGATCAYGT,F,CTATAC,29,TAGATC
ANNA-EXP-3,environmental,16S,AGTTACYYTAGGGATAACAGCG,CCGGTCTGAACTCAGATCAYGT,D,ATTCCT,15,CGACGC
BCM1A,environmental,16S,AGTTACYYTAGGGATAACAGCG,CCGGTCTGAACTCAGATCAYGT,A,GTGAAA,27,GCTACA
BCM1A,environmental,16S,AGTTACYYTAGGGATAACAGCG,CCGGTCTGAACTCAGATCAYGT,C,TCCCGA,6,ACGACG
BCM1A,environmental,16S,AGTTACYYTAGGGATAACAGCG,CCGGTCTGAACTCAGATCAYGT,D,ATTCCT,18,CACGAT
BCM1A,environmental,16S,AGTTACYYTAGGGATAACAGCG,CCGGTCTGAACTCAGATCAYGT,E,CCGTCC,17,ACTAGC
BCM2A,environmental,16S,AGTTACYYTAGGGATAACAGCG,CCGGTCTGAACTCAGATCAYGT,B,TAGCTT,23,TACGTG
BCM2A,environmental,16S,AGTTACYYTAGGGATAACAGCG,CCGGTCTGAACTCAGATCAYGT,D,ATTCCT,24,ATGATA
BCM2A,environmental,16S,AGTTACYYTAGGGATAACAGCG,CCGGTCTGAACTCAGATCAYGT,G,AGTCAA,6,ACGACG
BCM2A,environmental,16S,AGTTACYYTAGGGATAACAGCG,CCGGTCTGAACTCAGATCAYGT,G,AGTCAA,11,GCAGTG
BCM3A,environmental,16S,AGTTACYYTAGGGATAACAGCG,CCGGTCTGAACTCAGATCAYGT,E,CCGTCC,6,ACGACG
BCM3A,environmental,16S,AGTTACYYTAGGGATAACAGCG,CCGGTCTGAACTCAGATCAYGT,H,GTTTCG,11,GCAGTG
BCM3A,environmental,16S,AGTTACYYTAGGGATAACAGCG,CCGGTCTGAACTCAGATCAYGT,K,GGTAGC,26,ATGCAG
BCM3A,environmental,16S,AGTTACYYTAGGGATAACAGCG,CCGGTCTGAACTCAGATCAYGT,K,GGTAGC,23,TACGTG
BGM1A,environmental,16S,AGTTACYYTAGGGATAACAGCG,CCGGTCTGAACTCAGATCAYGT,A,GTGAAA,21,ACTGAT
BGM1A,environmental,16S,AGTTACYYTAGGGATAACAGCG,CCGGTCTGAACTCAGATCAYGT,D,ATTCCT,19,CTGCGT
BGM1A,environmental,16S,AGTTACYYTAGGGATAACAGCG,CCGGTCTGAACTCAGATCAYGT,E,CCGTCC,27,GCTACA
BGM1A,environmental,16S,AGTTACYYTAGGGATAACAGCG,CCGGTCTGAACTCAGATCAYGT,F,CTATAC,22,GCGTAG
BGM2A,environmental,16S,AGTTACYYTAGGGATAACAGCG,CCGGTCTGAACTCAGATCAYGT,B,TAGCTT,9,TCGCAT
BGM2A,environmental,16S,AGTTACYYTAGGGATAACAGCG,CCGGTCTGAACTCAGATCAYGT,C,TCCCGA,30,ATGTGC
BGM2A,environmental,16S,AGTTACYYTAGGGATAACAGCG,CCGGTCTGAACTCAGATCAYGT,G,AGTCAA,23,TACGTG
BGM2A,environmental,16S,AGTTACYYTAGGGATAACAGCG,CCGGTCTGAACTCAGATCAYGT,G,AGTCAA,25,TCTGCG
BGM3A,environmental,16S,AGTTACYYTAGGGATAACAGCG,CCGGTCTGAACTCAGATCAYGT,C,TCCCGA,28,AGAGAG
BGM3A,environmental,16S,AGTTACYYTAGGGATAACAGCG,CCGGTCTGAACTCAGATCAYGT,D,ATTCCT,1,ACACAC
BGM3A,environmental,16S,AGTTACYYTAGGGATAACAGCG,CCGGTCTGAACTCAGATCAYGT,E,CCGTCC,20,ACTCTG
BGM3A,environmental,16S,AGTTACYYTAGGGATAACAGCG,CCGGTCTGAACTCAGATCAYGT,F,CTATAC,1,ACACAC
CCM1A,environmental,16S,AGTTACYYTAGGGATAACAGCG,CCGGTCTGAACTCAGATCAYGT,D,ATTCCT,6,ACGACG
CCM1A,environmental,16S,AGTTACYYTAGGGATAACAGCG,CCGGTCTGAACTCAGATCAYGT,F,CTATAC,9,TCGCAT
CCM1A,environmental,16S,AGTTACYYTAGGGATAACAGCG,CCGGTCTGAACTCAGATCAYGT,G,AGTCAA,17,ACTAGC
CCM1A,environmental,16S,AGTTACYYTAGGGATAACAGCG,CCGGTCTGAACTCAGATCAYGT,J,CAACTA,22,GCGTAG
CCM2A,environmental,16S,AGTTACYYTAGGGATAACAGCG,CCGGTCTGAACTCAGATCAYGT,E,CCGTCC,22,GCGTAG
CCM2A,environmental,16S,AGTTACYYTAGGGATAACAGCG,CCGGTCTGAACTCAGATCAYGT,F,CTATAC,2,ACAGCA
CCM2A,environmental,16S,AGTTACYYTAGGGATAACAGCG,CCGGTCTGAACTCAGATCAYGT,G,AGTCAA,26,ATGCAG
CCM2A,environmental,16S,AGTTACYYTAGGGATAACAGCG,CCGGTCTGAACTCAGATCAYGT,H,GTTTCG,3,GTCTCT
CCM3A,environmental,16S,AGTTACYYTAGGGATAACAGCG,CCGGTCTGAACTCAGATCAYGT,A,GTGAAA,16,GCGAGT
CCM3A,environmental,16S,AGTTACYYTAGGGATAACAGCG,CCGGTCTGAACTCAGATCAYGT,C,TCCCGA,12,GATGAC
CCM3A,environmental,16S,AGTTACYYTAGGGATAACAGCG,CCGGTCTGAACTCAGATCAYGT,F,CTATAC,26,ATGCAG
CCM3A,environmental,16S,AGTTACYYTAGGGATAACAGCG,CCGGTCTGAACTCAGATCAYGT,J,CAACTA,7,ATATCG
CWM1A,environmental,16S,AGTTACYYTAGGGATAACAGCG,CCGGTCTGAACTCAGATCAYGT,D,ATTCCT,4,GCGCTC
CWM1A,environmental,16S,AGTTACYYTAGGGATAACAGCG,CCGGTCTGAACTCAGATCAYGT,E,CCGTCC,5,ACATGT
CWM1A,environmental,16S,AGTTACYYTAGGGATAACAGCG,CCGGTCTGAACTCAGATCAYGT,E,CCGTCC,13,ATCAGT
CWM1A,environmental,16S,AGTTACYYTAGGGATAACAGCG,CCGGTCTGAACTCAGATCAYGT,E,CCGTCC,24,ATGATA
CWM3A,environmental,16S,AGTTACYYTAGGGATAACAGCG,CCGGTCTGAACTCAGATCAYGT,C,TCCCGA,13,ATCAGT
CWM3A,environmental,16S,AGTTACYYTAGGGATAACAGCG,CCGGTCTGAACTCAGATCAYGT,C,TCCCGA,14,TCGTCA
CWM3A,environmental,16S,AGTTACYYTAGGGATAACAGCG,CCGGTCTGAACTCAGATCAYGT,G,AGTCAA,29,TAGATC
CWM3A,environmental,16S,AGTTACYYTAGGGATAACAGCG,CCGGTCTGAACTCAGATCAYGT,H,GTTTCG,29,TAGATC
DIH2O-20140715,negative_control,16S,AGTTACYYTAGGGATAACAGCG,CCGGTCTGAACTCAGATCAYGT,B,TAGCTT,15,CGACGC
DIH2O-20140715,negative_control,16S,AGTTACYYTAGGGATAACAGCG,CCGGTCTGAACTCAGATCAYGT,C,TCCCGA,17,ACTAGC
DIH2O-20140715,negative_control,16S,AGTTACYYTAGGGATAACAGCG,CCGGTCTGAACTCAGATCAYGT,G,AGTCAA,27,GCTACA
DIH2O-20140715,negative_control,16S,AGTTACYYTAGGGATAACAGCG,CCGGTCTGAACTCAGATCAYGT,J,CAACTA,12,GATGAC
DIH2O-20140724,negative_control,16S,AGTTACYYTAGGGATAACAGCG,CCGGTCTGAACTCAGATCAYGT,B,TAGCTT,24,ATGATA
DIH2O-20140724,negative_control,16S,AGTTACYYTAGGGATAACAGCG,CCGGTCTGAACTCAGATCAYGT,D,ATTCCT,11,GCAGTG
DIH2O-20140724,negative_control,16S,AGTTACYYTAGGGATAACAGCG,CCGGTCTGAACTCAGATCAYGT,F,CTATAC,23,TACGTG
DIH2O-20140724,negative_control,16S,AGTTACYYTAGGGATAACAGCG,CCGGTCTGAACTCAGATCAYGT,J,CAACTA,3,GTCTCT
DIH2O-20140725,negative_control,16S,AGTTACYYTAGGGATAACAGCG,CCGGTCTGAACTCAGATCAYGT,B,TAGCTT,3,GTCTCT
DIH2O-20140725,negative_control,16S,AGTTACYYTAGGGATAACAGCG,CCGGTCTGAACTCAGATCAYGT,D,ATTCCT,26,ATGCAG
DIH2O-20140725,negative_control,16S,AGTTACYYTAGGGATAACAGCG,CCGGTCTGAACTCAGATCAYGT,H,GTTTCG,9,TCGCAT
DIH2O-20140725,negative_control,16S,AGTTACYYTAGGGATAACAGCG,CCGGTCTGAACTCAGATCAYGT,K,GGTAGC,29,TAGATC
ECC-4M-A,environmental,16S,AGTTACYYTAGGGATAACAGCG,CCGGTCTGAACTCAGATCAYGT,H,GTTTCG,12,GATGAC
ECC-4M-B,environmental,16S,AGTTACYYTAGGGATAACAGCG,CCGGTCTGAACTCAGATCAYGT,D,ATTCCT,25,TCTGCG
ECC-4M-C,environmental,16S,AGTTACYYTAGGGATAACAGCG,CCGGTCTGAACTCAGATCAYGT,J,CAACTA,19,CTGCGT
ECC-DOCK-A,environmental,16S,AGTTACYYTAGGGATAACAGCG,CCGGTCTGAACTCAGATCAYGT,D,ATTCCT,17,ACTAGC
ECC-DOCK-B,environmental,16S,AGTTACYYTAGGGATAACAGCG,CCGGTCTGAACTCAGATCAYGT,A,GTGAAA,22,GCGTAG
ECC-DOCK-C,environmental,16S,AGTTACYYTAGGGATAACAGCG,CCGGTCTGAACTCAGATCAYGT,G,AGTCAA,14,TCGTCA
ECC-SURF-A,environmental,16S,AGTTACYYTAGGGATAACAGCG,CCGGTCTGAACTCAGATCAYGT,E,CCGTCC,16,GCGAGT
ECC-SURF-B,environmental,16S,AGTTACYYTAGGGATAACAGCG,CCGGTCTGAACTCAGATCAYGT,K,GGTAGC,21,ACTGAT
ECC-SURF-C,environmental,16S,AGTTACYYTAGGGATAACAGCG,CCGGTCTGAACTCAGATCAYGT,D,ATTCCT,20,ACTCTG
KMM1A,environmental,16S,AGTTACYYTAGGGATAACAGCG,CCGGTCTGAACTCAGATCAYGT,D,ATTCCT,13,ATCAGT
KMM1A,environmental,16S,AGTTACYYTAGGGATAACAGCG,CCGGTCTGAACTCAGATCAYGT,D,ATTCCT,3,GTCTCT
KMM1A,environmental,16S,AGTTACYYTAGGGATAACAGCG,CCGGTCTGAACTCAGATCAYGT,F,CTATAC,6,ACGACG
KMM1A,environmental,16S,AGTTACYYTAGGGATAACAGCG,CCGGTCTGAACTCAGATCAYGT,F,CTATAC,25,TCTGCG
KMM2A,environmental,16S,AGTTACYYTAGGGATAACAGCG,CCGGTCTGAACTCAGATCAYGT,B,TAGCTT,21,ACTGAT
KMM2A,environmental,16S,AGTTACYYTAGGGATAACAGCG,CCGGTCTGAACTCAGATCAYGT,D,ATTCCT,8,CTCGCA
KMM2A,environmental,16S,AGTTACYYTAGGGATAACAGCG,CCGGTCTGAACTCAGATCAYGT,F,CTATAC,27,GCTACA
KMM2A,environmental,16S,AGTTACYYTAGGGATAACAGCG,CCGGTCTGAACTCAGATCAYGT,K,GGTAGC,25,TCTGCG
KMM3A,environmental,16S,AGTTACYYTAGGGATAACAGCG,CCGGTCTGAACTCAGATCAYGT,A,GTGAAA,3,GTCTCT
KMM3A,environmental,16S,AGTTACYYTAGGGATAACAGCG,CCGGTCTGAACTCAGATCAYGT,D,ATTCCT,2,ACAGCA
KMM3A,environmental,16S,AGTTACYYTAGGGATAACAGCG,CCGGTCTGAACTCAGATCAYGT,H,GTTTCG,19,CTGCGT
KMM3A,environmental,16S,AGTTACYYTAGGGATAACAGCG,CCGGTCTGAACTCAGATCAYGT,H,GTTTCG,10,TGTATG
LOM1A,environmental,16S,AGTTACYYTAGGGATAACAGCG,CCGGTCTGAACTCAGATCAYGT,A,GTGAAA,11,GCAGTG
LOM1A,environmental,16S,AGTTACYYTAGGGATAACAGCG,CCGGTCTGAACTCAGATCAYGT,C,TCCCGA,15,CGACGC
LOM1A,environmental,16S,AGTTACYYTAGGGATAACAGCG,CCGGTCTGAACTCAGATCAYGT,C,TCCCGA,23,TACGTG
LOM1A,environmental,16S,AGTTACYYTAGGGATAACAGCG,CCGGTCTGAACTCAGATCAYGT,K,GGTAGC,12,GATGAC
LOM2A,environmental,16S,AGTTACYYTAGGGATAACAGCG,CCGGTCTGAACTCAGATCAYGT,A,GTGAAA,30,ATGTGC
LOM2A,environmental,16S,AGTTACYYTAGGGATAACAGCG,CCGGTCTGAACTCAGATCAYGT,E,CCGTCC,26,ATGCAG
LOM2A,environmental,16S,AGTTACYYTAGGGATAACAGCG,CCGGTCTGAACTCAGATCAYGT,F,CTATAC,21,ACTGAT
LOM2A,environmental,16S,AGTTACYYTAGGGATAACAGCG,CCGGTCTGAACTCAGATCAYGT,G,AGTCAA,10,TGTATG
LOM3A,environmental,16S,AGTTACYYTAGGGATAACAGCG,CCGGTCTGAACTCAGATCAYGT,A,GTGAAA,26,ATGCAG
LOM3A,environmental,16S,AGTTACYYTAGGGATAACAGCG,CCGGTCTGAACTCAGATCAYGT,C,TCCCGA,24,ATGATA
LOM3A,environmental,16S,AGTTACYYTAGGGATAACAGCG,CCGGTCTGAACTCAGATCAYGT,D,ATTCCT,23,TACGTG
LOM3A,environmental,16S,AGTTACYYTAGGGATAACAGCG,CCGGTCTGAACTCAGATCAYGT,K,GGTAGC,3,GTCTCT
MAM1A,environmental,16S,AGTTACYYTAGGGATAACAGCG,CCGGTCTGAACTCAGATCAYGT,C,TCCCGA,19,CTGCGT
MAM1A,environmental,16S,AGTTACYYTAGGGATAACAGCG,CCGGTCTGAACTCAGATCAYGT,H,GTTTCG,7,ATATCG
MAM1A,environmental,16S,AGTTACYYTAGGGATAACAGCG,CCGGTCTGAACTCAGATCAYGT,H,GTTTCG,25,TCTGCG
MAM1A,environmental,16S,AGTTACYYTAGGGATAACAGCG,CCGGTCTGAACTCAGATCAYGT,K,GGTAGC,16,GCGAGT
MAM2A,environmental,16S,AGTTACYYTAGGGATAACAGCG,CCGGTCTGAACTCAGATCAYGT,B,TAGCTT,28,AGAGAG
MAM2A,environmental,16S,AGTTACYYTAGGGATAACAGCG,CCGGTCTGAACTCAGATCAYGT,C,TCCCGA,26,ATGCAG
MAM2A,environmental,16S,AGTTACYYTAGGGATAACAGCG,CCGGTCTGAACTCAGATCAYGT,J,CAACTA,5,ACATGT
MAM2A,environmental,16S,AGTTACYYTAGGGATAACAGCG,CCGGTCTGAACTCAGATCAYGT,J,CAACTA,9,TCGCAT
MAM3A,environmental,16S,AGTTACYYTAGGGATAACAGCG,CCGGTCTGAACTCAGATCAYGT,E,CCGTCC,25,TCTGCG
MAM3A,environmental,16S,AGTTACYYTAGGGATAACAGCG,CCGGTCTGAACTCAGATCAYGT,G,AGTCAA,28,AGAGAG
MAM3A,environmental,16S,AGTTACYYTAGGGATAACAGCG,CCGGTCTGAACTCAGATCAYGT,H,GTTTCG,8,CTCGCA
MAM3A,environmental,16S,AGTTACYYTAGGGATAACAGCG,CCGGTCTGAACTCAGATCAYGT,K,GGTAGC,14,TCGTCA
PCM1A,environmental,16S,AGTTACYYTAGGGATAACAGCG,CCGGTCTGAACTCAGATCAYGT,A,GTGAAA,18,CACGAT
PCM1A,environmental,16S,AGTTACYYTAGGGATAACAGCG,CCGGTCTGAACTCAGATCAYGT,C,TCCCGA,4,GCGCTC
PCM1A,environmental,16S,AGTTACYYTAGGGATAACAGCG,CCGGTCTGAACTCAGATCAYGT,E,CCGTCC,12,GATGAC
PCM1A,environmental,16S,AGTTACYYTAGGGATAACAGCG,CCGGTCTGAACTCAGATCAYGT,H,GTTTCG,26,ATGCAG
PCM2A,environmental,16S,AGTTACYYTAGGGATAACAGCG,CCGGTCTGAACTCAGATCAYGT,C,TCCCGA,27,GCTACA
PCM2A,environmental,16S,AGTTACYYTAGGGATAACAGCG,CCGGTCTGAACTCAGATCAYGT,D,ATTCCT,9,TCGCAT
PCM2A,environmental,16S,AGTTACYYTAGGGATAACAGCG,CCGGTCTGAACTCAGATCAYGT,E,CCGTCC,4,GCGCTC
PCM2A,environmental,16S,AGTTACYYTAGGGATAACAGCG,CCGGTCTGAACTCAGATCAYGT,G,AGTCAA,19,CTGCGT
PCM3A,environmental,16S,AGTTACYYTAGGGATAACAGCG,CCGGTCTGAACTCAGATCAYGT,D,ATTCCT,22,GCGTAG
PCM3A,environmental,16S,AGTTACYYTAGGGATAACAGCG,CCGGTCTGAACTCAGATCAYGT,G,AGTCAA,21,ACTGAT
PCM3A,environmental,16S,AGTTACYYTAGGGATAACAGCG,CCGGTCTGAACTCAGATCAYGT,G,AGTCAA,12,GATGAC
PCM3A,environmental,16S,AGTTACYYTAGGGATAACAGCG,CCGGTCTGAACTCAGATCAYGT,K,GGTAGC,10,TGTATG
PCT-C-0000,environmental,16S,AGTTACYYTAGGGATAACAGCG,CCGGTCTGAACTCAGATCAYGT,B,TAGCTT,16,GCGAGT
PCT-C-0000,environmental,16S,AGTTACYYTAGGGATAACAGCG,CCGGTCTGAACTCAGATCAYGT,H,GTTTCG,30,ATGTGC
PCT-C-0000,environmental,16S,AGTTACYYTAGGGATAACAGCG,CCGGTCTGAACTCAGATCAYGT,J,CAACTA,13,ATCAGT
PCT-C-0000,environmental,16S,AGTTACYYTAGGGATAACAGCG,CCGGTCTGAACTCAGATCAYGT,J,CAACTA,27,GCTACA
PCT-C-0075,environmental,16S,AGTTACYYTAGGGATAACAGCG,CCGGTCTGAACTCAGATCAYGT,E,CCGTCC,1,ACACAC
PCT-C-0075,environmental,16S,AGTTACYYTAGGGATAACAGCG,CCGGTCTGAACTCAGATCAYGT,H,GTTTCG,1,ACACAC
PCT-C-0075,environmental,16S,AGTTACYYTAGGGATAACAGCG,CCGGTCTGAACTCAGATCAYGT,J,CAACTA,18,CACGAT
PCT-C-0075,environmental,16S,AGTTACYYTAGGGATAACAGCG,CCGGTCTGAACTCAGATCAYGT,K,GGTAGC,11,GCAGTG
PCT-C-0125,environmental,16S,AGTTACYYTAGGGATAACAGCG,CCGGTCTGAACTCAGATCAYGT,F,CTATAC,16,GCGAGT
PCT-C-0125,environmental,16S,AGTTACYYTAGGGATAACAGCG,CCGGTCTGAACTCAGATCAYGT,G,AGTCAA,13,ATCAGT
PCT-C-0125,environmental,16S,AGTTACYYTAGGGATAACAGCG,CCGGTCTGAACTCAGATCAYGT,K,GGTAGC,24,ATGATA
PCT-C-0125,environmental,16S,AGTTACYYTAGGGATAACAGCG,CCGGTCTGAACTCAGATCAYGT,K,GGTAGC,22,GCGTAG
PCT-C-0250,environmental,16S,AGTTACYYTAGGGATAACAGCG,CCGGTCTGAACTCAGATCAYGT,A,GTGAAA,24,ATGATA
PCT-C-0250,environmental,16S,AGTTACYYTAGGGATAACAGCG,CCGGTCTGAACTCAGATCAYGT,E,CCGTCC,10,TGTATG
PCT-C-0250,environmental,16S,AGTTACYYTAGGGATAACAGCG,CCGGTCTGAACTCAGATCAYGT,F,CTATAC,18,CACGAT
PCT-C-0250,environmental,16S,AGTTACYYTAGGGATAACAGCG,CCGGTCTGAACTCAGATCAYGT,H,GTTTCG,14,TCGTCA
PCT-C-0500,environmental,16S,AGTTACYYTAGGGATAACAGCG,CCGGTCTGAACTCAGATCAYGT,B,TAGCTT,4,GCGCTC
PCT-C-0500,environmental,16S,AGTTACYYTAGGGATAACAGCG,CCGGTCTGAACTCAGATCAYGT,C,TCCCGA,1,ACACAC
PCT-C-0500,environmental,16S,AGTTACYYTAGGGATAACAGCG,CCGGTCTGAACTCAGATCAYGT,J,CAACTA,6,ACGACG
PCT-C-0500,environmental,16S,AGTTACYYTAGGGATAACAGCG,CCGGTCTGAACTCAGATCAYGT,J,CAACTA,30,ATGTGC
PCT-C-1000,environmental,16S,AGTTACYYTAGGGATAACAGCG,CCGGTCTGAACTCAGATCAYGT,C,TCCCGA,11,GCAGTG
PCT-C-1000,environmental,16S,AGTTACYYTAGGGATAACAGCG,CCGGTCTGAACTCAGATCAYGT,F,CTATAC,11,GCAGTG
PCT-C-1000,environmental,16S,AGTTACYYTAGGGATAACAGCG,CCGGTCTGAACTCAGATCAYGT,G,AGTCAA,24,ATGATA
PCT-C-1000,environmental,16S,AGTTACYYTAGGGATAACAGCG,CCGGTCTGAACTCAGATCAYGT,J,CAACTA,11,GCAGTG
PCT-C-2000,environmental,16S,AGTTACYYTAGGGATAACAGCG,CCGGTCTGAACTCAGATCAYGT,B,TAGCTT,25,TCTGCG
PCT-C-2000,environmental,16S,AGTTACYYTAGGGATAACAGCG,CCGGTCTGAACTCAGATCAYGT,C,TCCCGA,5,ACATGT
PCT-C-2000,environmental,16S,AGTTACYYTAGGGATAACAGCG,CCGGTCTGAACTCAGATCAYGT,F,CTATAC,12,GATGAC
PCT-C-2000,environmental,16S,AGTTACYYTAGGGATAACAGCG,CCGGTCTGAACTCAGATCAYGT,H,GTTTCG,5,ACATGT
PCT-C-4000,environmental,16S,AGTTACYYTAGGGATAACAGCG,CCGGTCTGAACTCAGATCAYGT,C,TCCCGA,20,ACTCTG
PCT-C-4000,environmental,16S,AGTTACYYTAGGGATAACAGCG,CCGGTCTGAACTCAGATCAYGT,F,CTATAC,14,TCGTCA
PCT-C-4000,environmental,16S,AGTTACYYTAGGGATAACAGCG,CCGGTCTGAACTCAGATCAYGT,G,AGTCAA,7,ATATCG
PCT-C-4000,environmental,16S,AGTTACYYTAGGGATAACAGCG,CCGGTCTGAACTCAGATCAYGT,H,GTTTCG,18,CACGAT
PCT-N-0000,environmental,16S,AGTTACYYTAGGGATAACAGCG,CCGGTCTGAACTCAGATCAYGT,D,ATTCCT,29,TAGATC
PCT-N-0000,environmental,16S,AGTTACYYTAGGGATAACAGCG,CCGGTCTGAACTCAGATCAYGT,F,CTATAC,28,AGAGAG
PCT-N-0000,environmental,16S,AGTTACYYTAGGGATAACAGCG,CCGGTCTGAACTCAGATCAYGT,H,GTTTCG,2,ACAGCA
PCT-N-0000,environmental,16S,AGTTACYYTAGGGATAACAGCG,CCGGTCTGAACTCAGATCAYGT,K,GGTAGC,13,ATCAGT
PCT-N-0075,environmental,16S,AGTTACYYTAGGGATAACAGCG,CCGGTCTGAACTCAGATCAYGT,B,TAGCTT,30,ATGTGC
PCT-N-0075,environmental,16S,AGTTACYYTAGGGATAACAGCG,CCGGTCTGAACTCAGATCAYGT,F,CTATAC,15,CGACGC
PCT-N-0075,environmental,16S,AGTTACYYTAGGGATAACAGCG,CCGGTCTGAACTCAGATCAYGT,G,AGTCAA,15,CGACGC
PCT-N-0075,environmental,16S,AGTTACYYTAGGGATAACAGCG,CCGGTCTGAACTCAGATCAYGT,K,GGTAGC,19,CTGCGT
PCT-N-0125,environmental,16S,AGTTACYYTAGGGATAACAGCG,CCGGTCTGAACTCAGATCAYGT,A,GTGAAA,14,TCGTCA
PCT-N-0125,environmental,16S,AGTTACYYTAGGGATAACAGCG,CCGGTCTGAACTCAGATCAYGT,D,ATTCCT,7,ATATCG
PCT-N-0125,environmental,16S,AGTTACYYTAGGGATAACAGCG,CCGGTCTGAACTCAGATCAYGT,F,CTATAC,13,ATCAGT
PCT-N-0125,environmental,16S,AGTTACYYTAGGGATAACAGCG,CCGGTCTGAACTCAGATCAYGT,G,AGTCAA,1,ACACAC
PCT-N-0250,environmental,16S,AGTTACYYTAGGGATAACAGCG,CCGGTCTGAACTCAGATCAYGT,B,TAGCTT,12,GATGAC
PCT-N-0250,environmental,16S,AGTTACYYTAGGGATAACAGCG,CCGGTCTGAACTCAGATCAYGT,B,TAGCTT,10,TGTATG
PCT-N-0250,environmental,16S,AGTTACYYTAGGGATAACAGCG,CCGGTCTGAACTCAGATCAYGT,G,AGTCAA,5,ACATGT
PCT-N-0250,environmental,16S,AGTTACYYTAGGGATAACAGCG,CCGGTCTGAACTCAGATCAYGT,H,GTTTCG,13,ATCAGT
PCT-N-0500,environmental,16S,AGTTACYYTAGGGATAACAGCG,CCGGTCTGAACTCAGATCAYGT,C,TCCCGA,16,GCGAGT
PCT-N-0500,environmental,16S,AGTTACYYTAGGGATAACAGCG,CCGGTCTGAACTCAGATCAYGT,D,ATTCCT,12,GATGAC
PCT-N-0500,environmental,16S,AGTTACYYTAGGGATAACAGCG,CCGGTCTGAACTCAGATCAYGT,J,CAACTA,29,TAGATC
PCT-N-0500,environmental,16S,AGTTACYYTAGGGATAACAGCG,CCGGTCTGAACTCAGATCAYGT,K,GGTAGC,1,ACACAC
PCT-N-1000,environmental,16S,AGTTACYYTAGGGATAACAGCG,CCGGTCTGAACTCAGATCAYGT,B,TAGCTT,6,ACGACG
PCT-N-1000,environmental,16S,AGTTACYYTAGGGATAACAGCG,CCGGTCTGAACTCAGATCAYGT,B,TAGCTT,22,GCGTAG
PCT-N-1000,environmental,16S,AGTTACYYTAGGGATAACAGCG,CCGGTCTGAACTCAGATCAYGT,F,CTATAC,24,ATGATA
PCT-N-1000,environmental,16S,AGTTACYYTAGGGATAACAGCG,CCGGTCTGAACTCAGATCAYGT,J,CAACTA,21,ACTGAT
PCT-N-2000,environmental,16S,AGTTACYYTAGGGATAACAGCG,CCGGTCTGAACTCAGATCAYGT,A,GTGAAA,1,ACACAC
PCT-N-2000,environmental,16S,AGTTACYYTAGGGATAACAGCG,CCGGTCTGAACTCAGATCAYGT,A,GTGAAA,2,ACAGCA
PCT-N-2000,environmental,16S,AGTTACYYTAGGGATAACAGCG,CCGGTCTGAACTCAGATCAYGT,E,CCGTCC,2,ACAGCA
PCT-N-2000,environmental,16S,AGTTACYYTAGGGATAACAGCG,CCGGTCTGAACTCAGATCAYGT,H,GTTTCG,16,GCGAGT
PCT-N-4000,environmental,16S,AGTTACYYTAGGGATAACAGCG,CCGGTCTGAACTCAGATCAYGT,A,GTGAAA,20,ACTCTG
PCT-N-4000,environmental,16S,AGTTACYYTAGGGATAACAGCG,CCGGTCTGAACTCAGATCAYGT,E,CCGTCC,23,TACGTG
PCT-N-4000,environmental,16S,AGTTACYYTAGGGATAACAGCG,CCGGTCTGAACTCAGATCAYGT,F,CTATAC,4,GCGCTC
PCT-N-4000,environmental,16S,AGTTACYYTAGGGATAACAGCG,CCGGTCTGAACTCAGATCAYGT,G,AGTCAA,8,CTCGCA
PCT-S-0000,environmental,16S,AGTTACYYTAGGGATAACAGCG,CCGGTCTGAACTCAGATCAYGT,B,TAGCTT,20,ACTCTG
PCT-S-0000,environmental,16S,AGTTACYYTAGGGATAACAGCG,CCGGTCTGAACTCAGATCAYGT,E,CCGTCC,7,ATATCG
PCT-S-0000,environmental,16S,AGTTACYYTAGGGATAACAGCG,CCGGTCTGAACTCAGATCAYGT,F,CTATAC,5,ACATGT
PCT-S-0000,environmental,16S,AGTTACYYTAGGGATAACAGCG,CCGGTCTGAACTCAGATCAYGT,H,GTTTCG,17,ACTAGC
PCT-S-0075,environmental,16S,AGTTACYYTAGGGATAACAGCG,CCGGTCTGAACTCAGATCAYGT,A,GTGAAA,17,ACTAGC
PCT-S-0075,environmental,16S,AGTTACYYTAGGGATAACAGCG,CCGGTCTGAACTCAGATCAYGT,A,GTGAAA,28,AGAGAG
PCT-S-0075,environmental,16S,AGTTACYYTAGGGATAACAGCG,CCGGTCTGAACTCAGATCAYGT,F,CTATAC,17,ACTAGC
PCT-S-0075,environmental,16S,AGTTACYYTAGGGATAACAGCG,CCGGTCTGAACTCAGATCAYGT,J,CAACTA,2,ACAGCA
PCT-S-0125,environmental,16S,AGTTACYYTAGGGATAACAGCG,CCGGTCTGAACTCAGATCAYGT,B,TAGCTT,2,ACAGCA
PCT-S-0125,environmental,16S,AGTTACYYTAGGGATAACAGCG,CCGGTCTGAACTCAGATCAYGT,G,AGTCAA,20,ACTCTG
PCT-S-0125,environmental,16S,AGTTACYYTAGGGATAACAGCG,CCGGTCTGAACTCAGATCAYGT,J,CAACTA,17,ACTAGC
PCT-S-0125,environmental,16S,AGTTACYYTAGGGATAACAGCG,CCGGTCTGAACTCAGATCAYGT,J,CAACTA,25,TCTGCG
PCT-S-0250,environmental,16S,AGTTACYYTAGGGATAACAGCG,CCGGTCTGAACTCAGATCAYGT,E,CCGTCC,15,CGACGC
PCT-S-0250,environmental,16S,AGTTACYYTAGGGATAACAGCG,CCGGTCTGAACTCAGATCAYGT,K,GGTAGC,6,ACGACG
PCT-S-0250,environmental,16S,AGTTACYYTAGGGATAACAGCG,CCGGTCTGAACTCAGATCAYGT,K,GGTAGC,8,CTCGCA
PCT-S-0250,environmental,16S,AGTTACYYTAGGGATAACAGCG,CCGGTCTGAACTCAGATCAYGT,K,GGTAGC,9,TCGCAT
PCT-S-0500,environmental,16S,AGTTACYYTAGGGATAACAGCG,CCGGTCTGAACTCAGATCAYGT,A,GTGAAA,15,CGACGC
PCT-S-0500,environmental,16S,AGTTACYYTAGGGATAACAGCG,CCGGTCTGAACTCAGATCAYGT,B,TAGCTT,11,GCAGTG
PCT-S-0500,environmental,16S,AGTTACYYTAGGGATAACAGCG,CCGGTCTGAACTCAGATCAYGT,E,CCGTCC,29,TAGATC
PCT-S-0500,environmental,16S,AGTTACYYTAGGGATAACAGCG,CCGGTCTGAACTCAGATCAYGT,K,GGTAGC,20,ACTCTG
PCT-S-1000,environmental,16S,AGTTACYYTAGGGATAACAGCG,CCGGTCTGAACTCAGATCAYGT,A,GTGAAA,9,TCGCAT
PCT-S-1000,environmental,16S,AGTTACYYTAGGGATAACAGCG,CCGGTCTGAACTCAGATCAYGT,D,ATTCCT,14,TCGTCA
PCT-S-1000,environmental,16S,AGTTACYYTAGGGATAACAGCG,CCGGTCTGAACTCAGATCAYGT,G,AGTCAA,2,ACAGCA
PCT-S-1000,environmental,16S,AGTTACYYTAGGGATAACAGCG,CCGGTCTGAACTCAGATCAYGT,J,CAACTA,1,ACACAC
PCT-S-2000,environmental,16S,AGTTACYYTAGGGATAACAGCG,CCGGTCTGAACTCAGATCAYGT,A,GTGAAA,4,GCGCTC
PCT-S-2000,environmental,16S,AGTTACYYTAGGGATAACAGCG,CCGGTCTGAACTCAGATCAYGT,D,ATTCCT,27,GCTACA
PCT-S-2000,environmental,16S,AGTTACYYTAGGGATAACAGCG,CCGGTCTGAACTCAGATCAYGT,G,AGTCAA,22,GCGTAG
PCT-S-2000,environmental,16S,AGTTACYYTAGGGATAACAGCG,CCGGTCTGAACTCAGATCAYGT,K,GGTAGC,4,GCGCTC
PCT-S-4000,environmental,16S,AGTTACYYTAGGGATAACAGCG,CCGGTCTGAACTCAGATCAYGT,D,ATTCCT,5,ACATGT
PCT-S-4000,environmental,16S,AGTTACYYTAGGGATAACAGCG,CCGGTCTGAACTCAGATCAYGT,F,CTATAC,7,ATATCG
PCT-S-4000,environmental,16S,AGTTACYYTAGGGATAACAGCG,CCGGTCTGAACTCAGATCAYGT,F,CTATAC,30,ATGTGC
PCT-S-4000,environmental,16S,AGTTACYYTAGGGATAACAGCG,CCGGTCTGAACTCAGATCAYGT,J,CAACTA,26,ATGCAG
PMM1A,environmental,16S,AGTTACYYTAGGGATAACAGCG,CCGGTCTGAACTCAGATCAYGT,A,GTGAAA,13,ATCAGT
PMM1A,environmental,16S,AGTTACYYTAGGGATAACAGCG,CCGGTCTGAACTCAGATCAYGT,A,GTGAAA,10,TGTATG
PMM1A,environmental,16S,AGTTACYYTAGGGATAACAGCG,CCGGTCTGAACTCAGATCAYGT,D,ATTCCT,21,ACTGAT
PMM1A,environmental,16S,AGTTACYYTAGGGATAACAGCG,CCGGTCTGAACTCAGATCAYGT,D,ATTCCT,10,TGTATG
PMM2A,environmental,16S,AGTTACYYTAGGGATAACAGCG,CCGGTCTGAACTCAGATCAYGT,D,ATTCCT,28,AGAGAG
PMM2A,environmental,16S,AGTTACYYTAGGGATAACAGCG,CCGGTCTGAACTCAGATCAYGT,E,CCGTCC,18,CACGAT
PMM2A,environmental,16S,AGTTACYYTAGGGATAACAGCG,CCGGTCTGAACTCAGATCAYGT,E,CCGTCC,8,CTCGCA
PMM2A,environmental,16S,AGTTACYYTAGGGATAACAGCG,CCGGTCTGAACTCAGATCAYGT,K,GGTAGC,30,ATGTGC
PMM3B,environmental,16S,AGTTACYYTAGGGATAACAGCG,CCGGTCTGAACTCAGATCAYGT,B,TAGCTT,8,CTCGCA
PMM3B,environmental,16S,AGTTACYYTAGGGATAACAGCG,CCGGTCTGAACTCAGATCAYGT,F,CTATAC,10,TGTATG
PMM3B,environmental,16S,AGTTACYYTAGGGATAACAGCG,CCGGTCTGAACTCAGATCAYGT,H,GTTTCG,21,ACTGAT
PMM3B,environmental,16S,AGTTACYYTAGGGATAACAGCG,CCGGTCTGAACTCAGATCAYGT,J,CAACTA,8,CTCGCA
RBM1A,environmental,16S,AGTTACYYTAGGGATAACAGCG,CCGGTCTGAACTCAGATCAYGT,B,TAGCTT,26,ATGCAG
RBM1A,environmental,16S,AGTTACYYTAGGGATAACAGCG,CCGGTCTGAACTCAGATCAYGT,C,TCCCGA,22,GCGTAG
RBM1A,environmental,16S,AGTTACYYTAGGGATAACAGCG,CCGGTCTGAACTCAGATCAYGT,F,CTATAC,20,ACTCTG
RBM1A,environmental,16S,AGTTACYYTAGGGATAACAGCG,CCGGTCTGAACTCAGATCAYGT,H,GTTTCG,4,GCGCTC
RBM2A,environmental,16S,AGTTACYYTAGGGATAACAGCG,CCGGTCTGAACTCAGATCAYGT,A,GTGAAA,6,ACGACG
RBM2A,environmental,16S,AGTTACYYTAGGGATAACAGCG,CCGGTCTGAACTCAGATCAYGT,H,GTTTCG,20,ACTCTG
RBM2A,environmental,16S,AGTTACYYTAGGGATAACAGCG,CCGGTCTGAACTCAGATCAYGT,H,GTTTCG,27,GCTACA
RBM2A,environmental,16S,AGTTACYYTAGGGATAACAGCG,CCGGTCTGAACTCAGATCAYGT,J,CAACTA,15,CGACGC
RBM3A,environmental,16S,AGTTACYYTAGGGATAACAGCG,CCGGTCTGAACTCAGATCAYGT,A,GTGAAA,7,ATATCG
RBM3A,environmental,16S,AGTTACYYTAGGGATAACAGCG,CCGGTCTGAACTCAGATCAYGT,B,TAGCTT,17,ACTAGC
RBM3A,environmental,16S,AGTTACYYTAGGGATAACAGCG,CCGGTCTGAACTCAGATCAYGT,C,TCCCGA,18,CACGAT
RBM3A,environmental,16S,AGTTACYYTAGGGATAACAGCG,CCGGTCTGAACTCAGATCAYGT,K,GGTAGC,18,CACGAT
SIM1A,environmental,16S,AGTTACYYTAGGGATAACAGCG,CCGGTCTGAACTCAGATCAYGT,C,TCCCGA,21,ACTGAT
SIM1A,environmental,16S,AGTTACYYTAGGGATAACAGCG,CCGGTCTGAACTCAGATCAYGT,F,CTATAC,3,GTCTCT
SIM1A,environmental,16S,AGTTACYYTAGGGATAACAGCG,CCGGTCTGAACTCAGATCAYGT,G,AGTCAA,9,TCGCAT
SIM1A,environmental,16S,AGTTACYYTAGGGATAACAGCG,CCGGTCTGAACTCAGATCAYGT,J,CAACTA,4,GCGCTC
SIM2A,environmental,16S,AGTTACYYTAGGGATAACAGCG,CCGGTCTGAACTCAGATCAYGT,B,TAGCTT,5,ACATGT
SIM2A,environmental,16S,AGTTACYYTAGGGATAACAGCG,CCGGTCTGAACTCAGATCAYGT,C,TCCCGA,8,CTCGCA
SIM2A,environmental,16S,AGTTACYYTAGGGATAACAGCG,CCGGTCTGAACTCAGATCAYGT,C,TCCCGA,9,TCGCAT
SIM2A,environmental,16S,AGTTACYYTAGGGATAACAGCG,CCGGTCTGAACTCAGATCAYGT,J,CAACTA,10,TGTATG
SIM3A,environmental,16S,AGTTACYYTAGGGATAACAGCG,CCGGTCTGAACTCAGATCAYGT,C,TCCCGA,3,GTCTCT
SIM3A,environmental,16S,AGTTACYYTAGGGATAACAGCG,CCGGTCTGAACTCAGATCAYGT,G,AGTCAA,4,GCGCTC
SIM3A,environmental,16S,AGTTACYYTAGGGATAACAGCG,CCGGTCTGAACTCAGATCAYGT,H,GTTTCG,24,ATGATA
SIM3A,environmental,16S,AGTTACYYTAGGGATAACAGCG,CCGGTCTGAACTCAGATCAYGT,J,CAACTA,28,AGAGAG
SMM1A,environmental,16S,AGTTACYYTAGGGATAACAGCG,CCGGTCTGAACTCAGATCAYGT,C,TCCCGA,25,TCTGCG
SMM1A,environmental,16S,AGTTACYYTAGGGATAACAGCG,CCGGTCTGAACTCAGATCAYGT,E,CCGTCC,30,ATGTGC
SMM1A,environmental,16S,AGTTACYYTAGGGATAACAGCG,CCGGTCTGAACTCAGATCAYGT,H,GTTTCG,23,TACGTG
SMM1A,environmental,16S,AGTTACYYTAGGGATAACAGCG,CCGGTCTGAACTCAGATCAYGT,J,CAACTA,24,ATGATA
SMM2A,environmental,16S,AGTTACYYTAGGGATAACAGCG,CCGGTCTGAACTCAGATCAYGT,D,ATTCCT,16,GCGAGT
SMM2A,environmental,16S,AGTTACYYTAGGGATAACAGCG,CCGGTCTGAACTCAGATCAYGT,E,CCGTCC,11,GCAGTG
SMM2A,environmental,16S,AGTTACYYTAGGGATAACAGCG,CCGGTCTGAACTCAGATCAYGT,E,CCGTCC,14,TCGTCA
SMM2A,environmental,16S,AGTTACYYTAGGGATAACAGCG,CCGGTCTGAACTCAGATCAYGT,J,CAACTA,20,ACTCTG
SMM3A,environmental,16S,AGTTACYYTAGGGATAACAGCG,CCGGTCTGAACTCAGATCAYGT,B,TAGCTT,19,CTGCGT
SMM3A,environmental,16S,AGTTACYYTAGGGATAACAGCG,CCGGTCTGAACTCAGATCAYGT,B,TAGCTT,14,TCGTCA
SMM3A,environmental,16S,AGTTACYYTAGGGATAACAGCG,CCGGTCTGAACTCAGATCAYGT,K,GGTAGC,2,ACAGCA
SMM3A,environmental,16S,AGTTACYYTAGGGATAACAGCG,CCGGTCTGAACTCAGATCAYGT,K,GGTAGC,17,ACTAGC
TILAPIA-1,positive_control,16S,AGTTACYYTAGGGATAACAGCG,CCGGTCTGAACTCAGATCAYGT,B,TAGCTT,27,GCTACA
TILAPIA-1,positive_control,16S,AGTTACYYTAGGGATAACAGCG,CCGGTCTGAACTCAGATCAYGT,C,TCCCGA,10,TGTATG
TILAPIA-1,positive_control,16S,AGTTACYYTAGGGATAACAGCG,CCGGTCTGAACTCAGATCAYGT,D,ATTCCT,30,ATGTGC
TILAPIA-1,positive_control,16S,AGTTACYYTAGGGATAACAGCG,CCGGTCTGAACTCAGATCAYGT,E,CCGTCC,9,TCGCAT
TILAPIA-2,positive_control,16S,AGTTACYYTAGGGATAACAGCG,CCGGTCTGAACTCAGATCAYGT,C,TCCCGA,29,TAGATC
TILAPIA-2,positive_control,16S,AGTTACYYTAGGGATAACAGCG,CCGGTCTGAACTCAGATCAYGT,G,AGTCAA,30,ATGTGC
TILAPIA-2,positive_control,16S,AGTTACYYTAGGGATAACAGCG,CCGGTCTGAACTCAGATCAYGT,G,AGTCAA,18,CACGAT
TILAPIA-2,positive_control,16S,AGTTACYYTAGGGATAACAGCG,CCGGTCTGAACTCAGATCAYGT,K,GGTAGC,27,GCTACA
TILAPIA-3,positive_control,16S,AGTTACYYTAGGGATAACAGCG,CCGGTCTGAACTCAGATCAYGT,E,CCGTCC,21,ACTGAT
TILAPIA-3,positive_control,16S,AGTTACYYTAGGGATAACAGCG,CCGGTCTGAACTCAGATCAYGT,E,CCGTCC,28,AGAGAG
TILAPIA-3,positive_control,16S,AGTTACYYTAGGGATAACAGCG,CCGGTCTGAACTCAGATCAYGT,G,AGTCAA,3,GTCTCT
TILAPIA-3,positive_control,16S,AGTTACYYTAGGGATAACAGCG,CCGGTCTGAACTCAGATCAYGT,J,CAACTA,16,GCGAGT
TILAPIA-4,positive_control,16S,AGTTACYYTAGGGATAACAGCG,CCGGTCTGAACTCAGATCAYGT,A,GTGAAA,12,GATGAC
TILAPIA-4,positive_control,16S,AGTTACYYTAGGGATAACAGCG,CCGGTCTGAACTCAGATCAYGT,B,TAGCTT,13,ATCAGT
TILAPIA-4,positive_control,16S,AGTTACYYTAGGGATAACAGCG,CCGGTCTGAACTCAGATCAYGT,H,GTTTCG,28,AGAGAG
TILAPIA-4,positive_control,16S,AGTTACYYTAGGGATAACAGCG,CCGGTCTGAACTCAGATCAYGT,K,GGTAGC,7,ATATCG
