DNA_ID,lib_index_name,lib_index_seq,lib_index_seq_rc,primer_index_name,primer_index_seq,primer_index_start,primer_seq_F,primer_seq_R
ML0539,AR002,CGATGT,ACATCG,Tag_1,AGACGC,1,GGWACWGGWTGAACWGTWTAYCCYCC,TANACYTCNGGRTGNCCRAARAAYCA
ML0548,AR004,TGACCA,TGGTCA,Tag_1,AGACGC,1,GGWACWGGWTGAACWGTWTAYCCYCC,TANACYTCNGGRTGNCCRAARAAYCA
ML0558,AR005,ACAGTG,CACTGT,Tag_1,AGACGC,1,GGWACWGGWTGAACWGTWTAYCCYCC,TANACYTCNGGRTGNCCRAARAAYCA
ML0568,AR006,GCCAAT,ATTGGC,Tag_1,AGACGC,1,GGWACWGGWTGAACWGTWTAYCCYCC,TANACYTCNGGRTGNCCRAARAAYCA
ML0578,AR007,CAGATC,GATCTG,Tag_1,AGACGC,1,GGWACWGGWTGAACWGTWTAYCCYCC,TANACYTCNGGRTGNCCRAARAAYCA
ML0585,AR012,CTTGTA,TACAAG,Tag_1,AGACGC,1,GGWACWGGWTGAACWGTWTAYCCYCC,TANACYTCNGGRTGNCCRAARAAYCA
ML0598,AR013,AGTCAA,TTGACT,Tag_1,AGACGC,1,GGWACWGGWTGAACWGTWTAYCCYCC,TANACYTCNGGRTGNCCRAARAAYCA
ML0608,AR014,AGTTCC,GGAACT,Tag_1,AGACGC,1,GGWACWGGWTGAACWGTWTAYCCYCC,TANACYTCNGGRTGNCCRAARAAYCA
ML0613,AR015,ATGTCA,TGACAT,Tag_1,AGACGC,1,GGWACWGGWTGAACWGTWTAYCCYCC,TANACYTCNGGRTGNCCRAARAAYCA
ML0634,AR016,CCGTCC,GGACGG,Tag_1,AGACGC,1,GGWACWGGWTGAACWGTWTAYCCYCC,TANACYTCNGGRTGNCCRAARAAYCA
ML0540,AR002,CGATGT,ACATCG,Tag_2,AGTGTA,1,GGWACWGGWTGAACWGTWTAYCCYCC,TANACYTCNGGRTGNCCRAARAAYCA
ML0549,AR004,TGACCA,TGGTCA,Tag_2,AGTGTA,1,GGWACWGGWTGAACWGTWTAYCCYCC,TANACYTCNGGRTGNCCRAARAAYCA
ML0559,AR005,ACAGTG,CACTGT,Tag_2,AGTGTA,1,GGWACWGGWTGAACWGTWTAYCCYCC,TANACYTCNGGRTGNCCRAARAAYCA
ML0569,AR006,GCCAAT,ATTGGC,Tag_2,AGTGTA,1,GGWACWGGWTGAACWGTWTAYCCYCC,TANACYTCNGGRTGNCCRAARAAYCA
ML0579,AR007,CAGATC,GATCTG,Tag_2,AGTGTA,1,GGWACWGGWTGAACWGTWTAYCCYCC,TANACYTCNGGRTGNCCRAARAAYCA
ML0588,AR012,CTTGTA,TACAAG,Tag_2,AGTGTA,1,GGWACWGGWTGAACWGTWTAYCCYCC,TANACYTCNGGRTGNCCRAARAAYCA
ML0599,AR013,AGTCAA,TTGACT,Tag_2,AGTGTA,1,GGWACWGGWTGAACWGTWTAYCCYCC,TANACYTCNGGRTGNCCRAARAAYCA
ML0609,AR014,AGTTCC,GGAACT,Tag_2,AGTGTA,1,GGWACWGGWTGAACWGTWTAYCCYCC,TANACYTCNGGRTGNCCRAARAAYCA
ML0614,AR015,ATGTCA,TGACAT,Tag_2,AGTGTA,1,GGWACWGGWTGAACWGTWTAYCCYCC,TANACYTCNGGRTGNCCRAARAAYCA
ML0635,AR016,CCGTCC,GGACGG,Tag_2,AGTGTA,1,GGWACWGGWTGAACWGTWTAYCCYCC,TANACYTCNGGRTGNCCRAARAAYCA
ML0541,AR002,CGATGT,ACATCG,Tag_3,ACTAGC,1,GGWACWGGWTGAACWGTWTAYCCYCC,TANACYTCNGGRTGNCCRAARAAYCA
ML0550,AR004,TGACCA,TGGTCA,Tag_3,ACTAGC,1,GGWACWGGWTGAACWGTWTAYCCYCC,TANACYTCNGGRTGNCCRAARAAYCA
ML0560,AR005,ACAGTG,CACTGT,Tag_3,ACTAGC,1,GGWACWGGWTGAACWGTWTAYCCYCC,TANACYTCNGGRTGNCCRAARAAYCA
ML0570,AR006,GCCAAT,ATTGGC,Tag_3,ACTAGC,1,GGWACWGGWTGAACWGTWTAYCCYCC,TANACYTCNGGRTGNCCRAARAAYCA
ML0580,AR007,CAGATC,GATCTG,Tag_3,ACTAGC,1,GGWACWGGWTGAACWGTWTAYCCYCC,TANACYTCNGGRTGNCCRAARAAYCA
ML0589,AR012,CTTGTA,TACAAG,Tag_3,ACTAGC,1,GGWACWGGWTGAACWGTWTAYCCYCC,TANACYTCNGGRTGNCCRAARAAYCA
ML0600,AR013,AGTCAA,TTGACT,Tag_3,ACTAGC,1,GGWACWGGWTGAACWGTWTAYCCYCC,TANACYTCNGGRTGNCCRAARAAYCA
ML0610,AR014,AGTTCC,GGAACT,Tag_3,ACTAGC,1,GGWACWGGWTGAACWGTWTAYCCYCC,TANACYTCNGGRTGNCCRAARAAYCA
ML0615,AR015,ATGTCA,TGACAT,Tag_3,ACTAGC,1,GGWACWGGWTGAACWGTWTAYCCYCC,TANACYTCNGGRTGNCCRAARAAYCA
ML0636,AR016,CCGTCC,GGACGG,Tag_3,ACTAGC,1,GGWACWGGWTGAACWGTWTAYCCYCC,TANACYTCNGGRTGNCCRAARAAYCA
ML0542,AR002,CGATGT,ACATCG,Tag_4,ACAGTC,1,GGWACWGGWTGAACWGTWTAYCCYCC,TANACYTCNGGRTGNCCRAARAAYCA
ML0551,AR004,TGACCA,TGGTCA,Tag_4,ACAGTC,1,GGWACWGGWTGAACWGTWTAYCCYCC,TANACYTCNGGRTGNCCRAARAAYCA
ML0561,AR005,ACAGTG,CACTGT,Tag_4,ACAGTC,1,GGWACWGGWTGAACWGTWTAYCCYCC,TANACYTCNGGRTGNCCRAARAAYCA
ML0571,AR006,GCCAAT,ATTGGC,Tag_4,ACAGTC,1,GGWACWGGWTGAACWGTWTAYCCYCC,TANACYTCNGGRTGNCCRAARAAYCA
ML0581,AR007,CAGATC,GATCTG,Tag_4,ACAGTC,1,GGWACWGGWTGAACWGTWTAYCCYCC,TANACYTCNGGRTGNCCRAARAAYCA
ML0590,AR012,CTTGTA,TACAAG,Tag_4,ACAGTC,1,GGWACWGGWTGAACWGTWTAYCCYCC,TANACYTCNGGRTGNCCRAARAAYCA
ML0601,AR013,AGTCAA,TTGACT,Tag_4,ACAGTC,1,GGWACWGGWTGAACWGTWTAYCCYCC,TANACYTCNGGRTGNCCRAARAAYCA
ML0617,AR014,AGTTCC,GGAACT,Tag_4,ACAGTC,1,GGWACWGGWTGAACWGTWTAYCCYCC,TANACYTCNGGRTGNCCRAARAAYCA
ML0619,AR015,ATGTCA,TGACAT,Tag_4,ACAGTC,1,GGWACWGGWTGAACWGTWTAYCCYCC,TANACYTCNGGRTGNCCRAARAAYCA
ML0637,AR016,CCGTCC,GGACGG,Tag_4,ACAGTC,1,GGWACWGGWTGAACWGTWTAYCCYCC,TANACYTCNGGRTGNCCRAARAAYCA
ML0543,AR002,CGATGT,ACATCG,Tag_5,ATCGAC,1,GGWACWGGWTGAACWGTWTAYCCYCC,TANACYTCNGGRTGNCCRAARAAYCA
ML0552,AR004,TGACCA,TGGTCA,Tag_5,ATCGAC,1,GGWACWGGWTGAACWGTWTAYCCYCC,TANACYTCNGGRTGNCCRAARAAYCA
ML0562,AR005,ACAGTG,CACTGT,Tag_5,ATCGAC,1,GGWACWGGWTGAACWGTWTAYCCYCC,TANACYTCNGGRTGNCCRAARAAYCA
ML0572,AR006,GCCAAT,ATTGGC,Tag_5,ATCGAC,1,GGWACWGGWTGAACWGTWTAYCCYCC,TANACYTCNGGRTGNCCRAARAAYCA
ML0582,AR007,CAGATC,GATCTG,Tag_5,ATCGAC,1,GGWACWGGWTGAACWGTWTAYCCYCC,TANACYTCNGGRTGNCCRAARAAYCA
ML0592,AR012,CTTGTA,TACAAG,Tag_5,ATCGAC,1,GGWACWGGWTGAACWGTWTAYCCYCC,TANACYTCNGGRTGNCCRAARAAYCA
ML0602,AR013,AGTCAA,TTGACT,Tag_5,ATCGAC,1,GGWACWGGWTGAACWGTWTAYCCYCC,TANACYTCNGGRTGNCCRAARAAYCA
ML0627,AR014,AGTTCC,GGAACT,Tag_5,ATCGAC,1,GGWACWGGWTGAACWGTWTAYCCYCC,TANACYTCNGGRTGNCCRAARAAYCA
ML0620,AR015,ATGTCA,TGACAT,Tag_5,ATCGAC,1,GGWACWGGWTGAACWGTWTAYCCYCC,TANACYTCNGGRTGNCCRAARAAYCA
ML0638,AR016,CCGTCC,GGACGG,Tag_5,ATCGAC,1,GGWACWGGWTGAACWGTWTAYCCYCC,TANACYTCNGGRTGNCCRAARAAYCA
ML0544,AR002,CGATGT,ACATCG,Tag_6,ATGTCG,1,GGWACWGGWTGAACWGTWTAYCCYCC,TANACYTCNGGRTGNCCRAARAAYCA
ML0553,AR004,TGACCA,TGGTCA,Tag_6,ATGTCG,1,GGWACWGGWTGAACWGTWTAYCCYCC,TANACYTCNGGRTGNCCRAARAAYCA
ML0563,AR005,ACAGTG,CACTGT,Tag_6,ATGTCG,1,GGWACWGGWTGAACWGTWTAYCCYCC,TANACYTCNGGRTGNCCRAARAAYCA
ML0573,AR006,GCCAAT,ATTGGC,Tag_6,ATGTCG,1,GGWACWGGWTGAACWGTWTAYCCYCC,TANACYTCNGGRTGNCCRAARAAYCA
ML0583,AR007,CAGATC,GATCTG,Tag_6,ATGTCG,1,GGWACWGGWTGAACWGTWTAYCCYCC,TANACYTCNGGRTGNCCRAARAAYCA
ML0593,AR012,CTTGTA,TACAAG,Tag_6,ATGTCG,1,GGWACWGGWTGAACWGTWTAYCCYCC,TANACYTCNGGRTGNCCRAARAAYCA
ML0603,AR013,AGTCAA,TTGACT,Tag_6,ATGTCG,1,GGWACWGGWTGAACWGTWTAYCCYCC,TANACYTCNGGRTGNCCRAARAAYCA
ML0628,AR014,AGTTCC,GGAACT,Tag_6,ATGTCG,1,GGWACWGGWTGAACWGTWTAYCCYCC,TANACYTCNGGRTGNCCRAARAAYCA
ML0621,AR015,ATGTCA,TGACAT,Tag_6,ATGTCG,1,GGWACWGGWTGAACWGTWTAYCCYCC,TANACYTCNGGRTGNCCRAARAAYCA
ML0639,AR016,CCGTCC,GGACGG,Tag_6,ATGTCG,1,GGWACWGGWTGAACWGTWTAYCCYCC,TANACYTCNGGRTGNCCRAARAAYCA
ML0545,AR002,CGATGT,ACATCG,Tag_7,ATAGCA,1,GGWACWGGWTGAACWGTWTAYCCYCC,TANACYTCNGGRTGNCCRAARAAYCA
ML0554,AR004,TGACCA,TGGTCA,Tag_7,ATAGCA,1,GGWACWGGWTGAACWGTWTAYCCYCC,TANACYTCNGGRTGNCCRAARAAYCA
ML0564,AR005,ACAGTG,CACTGT,Tag_7,ATAGCA,1,GGWACWGGWTGAACWGTWTAYCCYCC,TANACYTCNGGRTGNCCRAARAAYCA
ML0574,AR006,GCCAAT,ATTGGC,Tag_7,ATAGCA,1,GGWACWGGWTGAACWGTWTAYCCYCC,TANACYTCNGGRTGNCCRAARAAYCA
ML0584,AR007,CAGATC,GATCTG,Tag_7,ATAGCA,1,GGWACWGGWTGAACWGTWTAYCCYCC,TANACYTCNGGRTGNCCRAARAAYCA
ML0594,AR012,CTTGTA,TACAAG,Tag_7,ATAGCA,1,GGWACWGGWTGAACWGTWTAYCCYCC,TANACYTCNGGRTGNCCRAARAAYCA
ML0604,AR013,AGTCAA,TTGACT,Tag_7,ATAGCA,1,GGWACWGGWTGAACWGTWTAYCCYCC,TANACYTCNGGRTGNCCRAARAAYCA
ML0629,AR014,AGTTCC,GGAACT,Tag_7,ATAGCA,1,GGWACWGGWTGAACWGTWTAYCCYCC,TANACYTCNGGRTGNCCRAARAAYCA
ML0622,AR015,ATGTCA,TGACAT,Tag_7,ATAGCA,1,GGWACWGGWTGAACWGTWTAYCCYCC,TANACYTCNGGRTGNCCRAARAAYCA
ML0640,AR016,CCGTCC,GGACGG,Tag_7,ATAGCA,1,GGWACWGGWTGAACWGTWTAYCCYCC,TANACYTCNGGRTGNCCRAARAAYCA
ML0546,AR002,CGATGT,ACATCG,Tag_8,AGCTAG,1,GGWACWGGWTGAACWGTWTAYCCYCC,TANACYTCNGGRTGNCCRAARAAYCA
ML0555,AR004,TGACCA,TGGTCA,Tag_8,AGCTAG,1,GGWACWGGWTGAACWGTWTAYCCYCC,TANACYTCNGGRTGNCCRAARAAYCA
ML0565,AR005,ACAGTG,CACTGT,Tag_8,AGCTAG,1,GGWACWGGWTGAACWGTWTAYCCYCC,TANACYTCNGGRTGNCCRAARAAYCA
ML0575,AR006,GCCAAT,ATTGGC,Tag_8,AGCTAG,1,GGWACWGGWTGAACWGTWTAYCCYCC,TANACYTCNGGRTGNCCRAARAAYCA
ML0611,AR007,CAGATC,GATCTG,Tag_8,AGCTAG,1,GGWACWGGWTGAACWGTWTAYCCYCC,TANACYTCNGGRTGNCCRAARAAYCA
ML0595,AR012,CTTGTA,TACAAG,Tag_8,AGCTAG,1,GGWACWGGWTGAACWGTWTAYCCYCC,TANACYTCNGGRTGNCCRAARAAYCA
ML0605,AR013,AGTCAA,TTGACT,Tag_8,AGCTAG,1,GGWACWGGWTGAACWGTWTAYCCYCC,TANACYTCNGGRTGNCCRAARAAYCA
ML0631,AR014,AGTTCC,GGAACT,Tag_8,AGCTAG,1,GGWACWGGWTGAACWGTWTAYCCYCC,TANACYTCNGGRTGNCCRAARAAYCA
ML0623,AR015,ATGTCA,TGACAT,Tag_8,AGCTAG,1,GGWACWGGWTGAACWGTWTAYCCYCC,TANACYTCNGGRTGNCCRAARAAYCA
ML0641,AR016,CCGTCC,GGACGG,Tag_8,AGCTAG,1,GGWACWGGWTGAACWGTWTAYCCYCC,TANACYTCNGGRTGNCCRAARAAYCA
ML0547,AR002,CGATGT,ACATCG,Tag_9,ACGTAT,1,GGWACWGGWTGAACWGTWTAYCCYCC,TANACYTCNGGRTGNCCRAARAAYCA
ML0556,AR004,TGACCA,TGGTCA,Tag_9,ACGTAT,1,GGWACWGGWTGAACWGTWTAYCCYCC,TANACYTCNGGRTGNCCRAARAAYCA
ML0566,AR005,ACAGTG,CACTGT,Tag_9,ACGTAT,1,GGWACWGGWTGAACWGTWTAYCCYCC,TANACYTCNGGRTGNCCRAARAAYCA
ML0576,AR006,GCCAAT,ATTGGC,Tag_9,ACGTAT,1,GGWACWGGWTGAACWGTWTAYCCYCC,TANACYTCNGGRTGNCCRAARAAYCA
ML0612,AR007,CAGATC,GATCTG,Tag_9,ACGTAT,1,GGWACWGGWTGAACWGTWTAYCCYCC,TANACYTCNGGRTGNCCRAARAAYCA
ML0596,AR012,CTTGTA,TACAAG,Tag_9,ACGTAT,1,GGWACWGGWTGAACWGTWTAYCCYCC,TANACYTCNGGRTGNCCRAARAAYCA
ML0606,AR013,AGTCAA,TTGACT,Tag_9,ACGTAT,1,GGWACWGGWTGAACWGTWTAYCCYCC,TANACYTCNGGRTGNCCRAARAAYCA
ML0632,AR014,AGTTCC,GGAACT,Tag_9,ACGTAT,1,GGWACWGGWTGAACWGTWTAYCCYCC,TANACYTCNGGRTGNCCRAARAAYCA
ML0624,AR015,ATGTCA,TGACAT,Tag_9,ACGTAT,1,GGWACWGGWTGAACWGTWTAYCCYCC,TANACYTCNGGRTGNCCRAARAAYCA
ML0642,AR016,CCGTCC,GGACGG,Tag_9,ACGTAT,1,GGWACWGGWTGAACWGTWTAYCCYCC,TANACYTCNGGRTGNCCRAARAAYCA
ML0618,AR002,CGATGT,ACATCG,Tag_10,AGTCAT,1,GGWACWGGWTGAACWGTWTAYCCYCC,TANACYTCNGGRTGNCCRAARAAYCA
ML0557,AR004,TGACCA,TGGTCA,Tag_10,AGTCAT,1,GGWACWGGWTGAACWGTWTAYCCYCC,TANACYTCNGGRTGNCCRAARAAYCA
ML0567,AR005,ACAGTG,CACTGT,Tag_10,AGTCAT,1,GGWACWGGWTGAACWGTWTAYCCYCC,TANACYTCNGGRTGNCCRAARAAYCA
ML0577,AR006,GCCAAT,ATTGGC,Tag_10,AGTCAT,1,GGWACWGGWTGAACWGTWTAYCCYCC,TANACYTCNGGRTGNCCRAARAAYCA
ML0625,AR007,CAGATC,GATCTG,Tag_10,AGTCAT,1,GGWACWGGWTGAACWGTWTAYCCYCC,TANACYTCNGGRTGNCCRAARAAYCA
ML0597,AR012,CTTGTA,TACAAG,Tag_10,AGTCAT,1,GGWACWGGWTGAACWGTWTAYCCYCC,TANACYTCNGGRTGNCCRAARAAYCA
ML0607,AR013,AGTCAA,TTGACT,Tag_10,AGTCAT,1,GGWACWGGWTGAACWGTWTAYCCYCC,TANACYTCNGGRTGNCCRAARAAYCA
ML0633,AR014,AGTTCC,GGAACT,Tag_10,AGTCAT,1,GGWACWGGWTGAACWGTWTAYCCYCC,TANACYTCNGGRTGNCCRAARAAYCA
ML0626,AR015,ATGTCA,TGACAT,Tag_10,AGTCAT,1,GGWACWGGWTGAACWGTWTAYCCYCC,TANACYTCNGGRTGNCCRAARAAYCA
ML0643,AR016,CCGTCC,GGACGG,Tag_10,AGTCAT,1,GGWACWGGWTGAACWGTWTAYCCYCC,TANACYTCNGGRTGNCCRAARAAYCA
